climate	94643
air	63114
region	56758
tropic	45114
condition	44324
atmosphere	35156
area	34021
weather	27214
environment	23768
day	20162
summer	19564
forest	16393
heat	14721
zone	10639
night	9123
soil	7350
period	5874
part	5796
chamber	5775
land	5444
place	5074
lowland	4763
eye	3870
section	3870
country	3642
way	3615
season	2908
afternoon	2888
East	2831
phase	2744
wind	2721
jungle	2684
month	2534
evening	2480
state	2338
room	2323
coast	2243
subtropics	2144
district	2017
morning	1980
valley	1949
mountain	1885
August	1846
habitat	1721
portion	1713
plain	1694
earth	1620
breeze	1533
warmth	1530
situation	1441
savanna	1381
belt	1368
winter	1312
darkness	1295
year	1274
rain	1225
grassland	1215
July	1177
one	1118
location	1117
locality	1059
temperature	1052
nature	1044
South	994
vapour	924
wall	911
type	898
sky	892
ground	891
site	882
gas	871
south	863
surface	837
spot	830
city	789
volume	788
asthma	770
cloud	752
Tropics	738
rainforest	727
monsoon	704
microclimate	699
prairie	689
mist	681
layer	668
breath	665
exhalation	651
fog	649
surroundings	649
spring	642
element	626
greenhouse	625
landscape	612
Pacific	612
bow	603
side	597
body	596
pampa	595
highland	587
New	585
vapor	574
haze	569
June	552
island	535
clime	535
time	534
light	530
mid	528
cellar	522
swamp	520
slope	515
wood	507
process	498
upland	497
Sunday	489
Florida	488
Gulf	485
margin	485
smell	484
mass	479
character	474
woodland	468
sea	467
interior	464
evergreen	459
Washington	449
method	431
north	425
east	424
substance	423
outside	421
meadow	420
West	419
shade	407
farming	404
box	402
street	400
temperament	399
pampas	397
spell	395
river	393
cave	391
train	385
basin	383
sand	379
floor	373
Southeast	372
vegetation	368
tract	368
Saturday	363
episode	361
September	359
nightblue	348
shadow	342
storage	335
today	334
conductor	322
cycle	322
space	319
lip	318
setting	307
garden	305
weathering	300
savannah	300
veil	300
assay	298
Amazon	298
rock	298
interval	293
flower	286
transition	284
cell	283
depth	283
matter	281
hill	280
pasture	278
current	278
terrain	274
stillness	269
form	267
leaf	266
particle	265
thing	259
shore	257
clay	256
sun	252
boundary	251
eruption	250
scent	249
province	249
oxygen	248
autumn	244
medium	244
salt	243
world	241
hand	238
bank	233
North	232
basement	229
kitchen	226
west	223
Chaco	223
silence	221
division	218
field	215
delta	213
Midwest	212
regime	208
stage	206
ity	202
Texas	201
principle	199
southeast	198
dusk	197
Friday	197
odor	196
micro	195
face	195
burrow	194
Pampa	191
aging	187
epoch	186
kiss	186
gangrene	185
gloom	183
house	182
Africa	182
ecosystem	181
maze	181
fragrance	180
nitrogen	179
incubator	179
stratum	179
Eastern	176
agriculture	175
Pampas	174
flesh	173
sunshine	171
bathroom	170
Louisiana	170
steam	169
Houston	168
corridor	168
tetter	168
England	168
inside	168
spirit	166
life	166
Mississippi	165
States	165
look	164
catchment	163
chill	163
moss	160
Northeast	159
hour	158
moisture	158
bed	158
skin	157
front	157
blanket	157
grass	157
fan	156
northeast	155
mixture	154
tree	153
strip	151
twilight	150
sub	150
equatorial	149
sweat	149
half	148
tropical	145
cold	145
dawn	145
formation	143
steppe	143
Monday	142
landforms	142
plant	142
corner	139
exhaust	139
tunnel	139
water	138
microthermal	137
microclimates	137
acid	137
station	136
gloss	136
quality	136
week	135
pall	134
dungeon	134
territory	133
container	133
Transition	132
ambient	132
influence	131
wing	131
marsh	130
cavern	130
stone	130
coolness	130
United	129
midsummer	129
depression	128
environs	126
gleam	126
aspect	125
airstream	124
bubble	124
end	123
hair	121
border	120
ravine	119
hydrogen	119
variant	118
microhabitats	118
pearl	117
odour	116
headwater	115
factory	115
Central	114
Virginia	114
kind	114
microenvironment	114
sector	113
wilderness	111
confines	111
Humid	110
cotton	110
material	110
fire	110
sunlight	109
analysis	108
tenderness	107
vault	107
rice	106
degree	105
April	104
arm	104
temperate	104
town	103
karst	103
tongue	103
building	102
effect	102
gaze	102
stench	100
Philadelphia	99
biotopes	99
gale	98
mouth	98
mT	95
vesture	94
terrarium	94
America	94
crackling	94
Georgia	93
October	93
Miami	92
Tuesday	92
circumstance	91
softness	91
coastland	91
midlatitudes	91
Bow	91
foothill	91
weaving	90
lustre	90
erosion	90
drainage	90
brightness	90
oven	89
desert	89
past	89
trade	87
closeness	87
blackness	87
Wednesday	87
versus	86
northwest	85
weight	84
pine	83
hothouse	81
glow	81
incense	81
timber	80
glance	80
Northwest	80
stream	80
Guinea	80
prison	79
variety	79
range	79
position	79
hollow	79
beam	78
deposit	78
scall	78
midday	77
dust	77
embrace	77
specie	77
southwest	77
green	77
Zones	76
subsoil	76
system	76
freshness	76
capital	76
home	76
mesothermal	75
Iowa	75
middle	75
hall	75
Middle	75
Fig	75
decay	75
quarter	74
cough	74
Chicago	73
sheet	73
appearance	72
paper	72
Thursday	72
clinging	71
Missouri	71
inland	71
nymph	71
latitude	70
work	70
source	69
vallies	69
flat	69
premontane	69
Europe	69
straw	69
glasshouse	68
glass	68
neotropics	68
Mediterranean	67
Semi	67
growth	67
fall	67
dog	66
shed	66
Indian	66
nest	65
blast	65
coastline	65
locale	64
Coastal	64
dell	64
edge	64
foliage	64
perfume	63
cabin	63
limestone	63
mine	63
semi	62
outdoors	62
wheat	62
ray	62
damp	62
apartment	62
planet	62
fringe	61
Echo	61
oak	61
noon	61
crevice	60
gulf	60
hell	60
paramo	60
hay	60
shelter	60
constitution	59
cli	59
vehicle	59
Figure	58
laboratory	58
tonight	58
flora	58
wave	58
littoral	58
recess	58
complexion	58
San	58
flood	57
steed	57
swampland	57
May	57
December	57
peat	57
Indiana	57
ification	57
sample	56
undergrowth	56
bottom	56
flatlands	56
bush	56
finger	56
weekend	55
Congo	55
Delta	55
office	55
Zone	55
November	55
Climate	54
Evening	54
Lower	54
tent	54
radiance	54
exposure	53
Asia	53
enclosure	53
countryside	53
touch	53
Black	53
Australia	52
dampness	52
niche	52
aroma	52
operating	51
montane	51
gallery	51
canyon	51
conservatory	51
port	51
microenvironments	51
filter	50
Western	50
Japan	50
calm	50
dream	50
pocket	50
torpor	49
hole	49
lake	49
furnace	49
thicket	49
discomfort	48
Ohio	48
elevation	48
application	48
interglacials	48
Hong	48
Atlantic	48
Table	48
Softness	48
bottomland	48
textile	48
heart	48
February	47
mud	47
Bombay	47
case	46
farm	46
flow	46
gorge	46
rainfall	46
sleep	46
Tokyo	46
brilliancy	46
bedroom	45
Atlanta	45
nostril	45
fold	45
languor	45
Baltimore	45
dark	44
patch	44
March	44
classroom	44
westerly	44
production	44
adj	44
gallantry	44
glare	44
drizzle	44
tundra	43
hallway	43
sirocco	43
feeling	42
tangle	42
sort	42
lid	42
expanse	42
Alabama	42
gust	41
Lancashire	41
horror	41
warehouse	41
moon	41
Singapore	41
Boston	41
Carolina	41
London	41
star	40
grotto	40
